Name;Type;Size;Offset;Section;ReferenceID;Class;MapType;MapLen;MUID;ExtractExpr;InjectExpr;OutType;EnumID;FormatString;Writable;DefUserLevel;TranslateID
machine_snocs_str;char[8];4;0;machine_info;100;Machine;3;8;0;;;6;;%s;0;0;500
machine_slaveaddress_reg;uint16;1;4;machine_info;112;Machine;1;2;0;;;2;;%u;0;0;0
machine_series_str;char[4];2;5;machine_info;110;Machine;3;4;0;;;6;;%s;0;0;501
machine_mainfwrel_reg;uint16;1;7;machine_info;200;Machine;1;2;0;;;2;;%x;0;0;502
machine_mainfwrel_reg;uint16;1;8;machine_info;210;Machine;1;2;0;;;2;;%x;0;0;503
reserved;;23;9;machine_info;;Machine;0;46;0;;;0;;%u;0;0;0
machine_hmisblockrel_reg;uint16;1;32;machine_info;;Machine;1;2;0;;;2;;%x;0;0;0
machine_dfrsblockrel_reg;uint16;1;33;machine_info;;Machine;1;2;0;;;2;;%x;0;0;0
machine_boilerblockrel_reg;uint16;1;34;machine_info;;Machine;1;2;0;;;2;;%x;0;0;0
machine_serviceblockrel_reg;uint16;1;35;machine_info;;Machine;1;2;0;;;2;;%x;0;0;0
machine_powerloadblockrel_reg;uint16;1;36;machine_info;;Machine;1;2;0;;;2;;%x;0;0;0
machine_autosteamsblockrel_reg;uint16;1;37;machine_info;;Machine;1;2;0;;;2;;%x;0;0;0
machine_gcsblockrel_reg;uint16;1;38;machine_info;;Machine;1;2;0;;;2;;%x;0;0;0
machine_ocsblockrel_reg;uint16;1;39;machine_info;;Machine;1;2;0;;;2;;%x;0;0;0
machine_cashblockrel_reg;uint16;1;40;machine_info;;Machine;1;2;0;;;2;;%x;0;0;0
machine_profileflowblockrel_reg;uint16;1;41;machine_info;;Machine;1;2;0;;;2;;%x;0;0;0
machine_standbyblockrel_reg;uint16;1;42;machine_info;;Machine;1;2;0;;;2;;%x;0;0;0
machine_countersblockrel_reg;uint16;1;43;machine_info;;Machine;1;2;0;;;2;;%x;0;0;0
machine_logsblockrel_reg;uint16;1;44;machine_info;;Machine;1;2;0;;;2;;%x;0;0;0
reserved;;9;45;machine_info;;Machine;0;14;0;;;0;;%u;0;0;0
machine_mainfwrel_reg;uint16;1;54;machine_info;250;Machine;1;2;0;;;2;;%u;0;0;502
machine_rtc_time;uint32;2;0;machine_inputs;;Realtime;1;4;4;;;2;;%u;1;0;105
machine_op_status;enum;1;2;machine_inputs;5251;Realtime;1;2;0;;;7;100;%s;1;0;0
machine_alarm_status;uint16;1;3;machine_inputs;;Realtime;1;2;0;;;2;;%u;1;0;0
machine_outputs_status;flags;1;4;machine_inputs;8370;Realtime;1;2;0;;;7;;%u;1;0;0
machine_serialnum_str;char[9];5;0;machine_parameters;;Machine;3;10;0;;;6;;%s;1;0;0
machine_model_type;enum;1;5;machine_parameters;;Machine;1;2;0;;;7;101;%s;1;0;500
machine_numgroups_set;uint8;1;6;machine_parameters;500;Machine;1;2;0;;;2;;%u;1;0;501
machine_powersupply_type;enum;1;7;machine_parameters;;Machine;1;2;0;;;7;102;%s;1;0;0
machine_language_type;enum;1;8;machine_parameters;5070;Machine;1;2;0;;;7;103;%s;1;0;0
machine_timezone_set;int8;1;9;machine_parameters;;Machine;2;2;7;;;2;;%d;1;0;107
machine_daylightsaving_type;enum;1;10;machine_parameters;5072;Machine;1;2;0;;;7;104;%s;1;0;0
machine_temperaturemetric_type;enum;1;11;machine_parameters;5071;Machine;1;2;0;;;7;105;%s;1;0;0
machine_watercartridgeautonomy_set;uint16;1;12;machine_parameters;5170;Machine;1;2;0;;;0;;%u;1;0;0
machine_reminder_time;uint16;1;13;machine_parameters;5064;Machine;1;2;6;;;1;;%u;1;0;107
machine_flow0_enable;bool;1;14;machine_parameters;;Machine;1;2;0;;;1;;%u;1;0;0
machine_hidechrono_enable;bool;1;15;machine_parameters;5063;Machine;1;2;0;;;1;;%u;1;0;0
machine_smartenergy_enable;bool;1;16;machine_parameters;5074;Machine;1;2;0;;;1;;%u;1;0;0
machine_userpassword_str;char[16];8;17;machine_parameters;5077;Machine;3;16;0;;;6;;%s;1;0;0
machine_servicepassword_str;char[16];8;25;machine_parameters;5078;Machine;3;16;0;;;6;;%s;1;0;0
machine_factorypassword_str;char[16];8;33;machine_parameters;5079;Machine;3;16;0;;;6;;%s;1;0;0
machine_adminpassword_str;char[16];8;41;machine_parameters;;Machine;3;16;0;;;6;;%s;1;0;0
groupx_op_status;enum;1;0;group1_inputs;;Realtime;1;2;0;;;7;106;%s;1;0;0
groupx_temperature_meas;int16;1;1;group1_inputs;8000;Realtime;2;2;1;;;3;;%d;1;0;101
groupx_deliveryselection_status;enum;1;2;group1_inputs;;Realtime;1;2;0;;;7;107;%s;1;0;0
groupx_waterflow_meas;uint16;1;3;group1_inputs;8395;Realtime;1;2;22;;;2;;%u;1;0;122
groupx_deliverytimer_time;uint16;1;4;group1_inputs;8335;Realtime;1;2;4;;;2;;%u;1;0;104
groupx_deliverygrams_meas;uint16;1;5;group1_inputs;8390;Realtime;1;2;24;;;2;;%u;1;0;124
groupx_cupgrams_meas;uint16;1;6;group1_inputs;;Realtime;1;2;24;;;2;;%u;1;0;124
groupx_profilestepflow_status;uint16[5];5;7;group1_inputs;;Realtime;1;10;22;;;5;;%u;1;0;122
groupx_profilestep_time;uint16[5];5;12;group1_inputs;;Realtime;1;10;4;;;5;;%u;1;0;104
groupx_delivery_status;enum;1;17;group1_inputs;8364;Realtime;1;2;0;;;7;108;%s;1;0;0
groupx_alarm_status;uint16;1;18;group1_inputs;;Realtime;1;2;0;;;2;;%u;1;0;0
groupx_washtimer_time;uint16;1;19;group1_inputs;;Realtime;1;2;4;;;2;;%u;1;0;104
groupx_op_status;enum;1;0;group2_inputs;;Realtime;1;2;0;;;7;106;%s;1;0;0
groupx_temperature_meas;int16;1;1;group2_inputs;8010;Realtime;2;2;0;;;3;;%d;1;0;101
groupx_deliveryselection_status;enum;1;2;group2_inputs;;Realtime;1;2;0;;;7;107;%s;1;0;0
groupx_waterflow_meas;uint16;1;3;group2_inputs;8396;Realtime;1;2;22;;;2;;%u;1;0;122
groupx_deliverytimer_time;uint16;1;4;group2_inputs;8336;Realtime;1;2;4;;;2;;%u;1;0;104
groupx_deliverygrams_meas;uint16;1;5;group2_inputs;8391;Realtime;1;2;24;;;2;;%u;1;0;124
groupx_cupgrams_meas;uint16;1;6;group2_inputs;;Realtime;1;2;24;;;2;;%u;1;0;124
groupx_profilestepflow_status;uint16[5];5;7;group2_inputs;;Realtime;1;10;22;;;5;;%u;1;0;122
groupx_profilestep_time;uint16[5];5;12;group2_inputs;;Realtime;1;10;4;;;5;;%u;1;0;104
groupx_delivery_status;enum;1;17;group2_inputs;;Realtime;1;2;0;;;7;108;%s;1;0;0
groupx_alarm_status;uint16;1;18;group2_inputs;8365;Realtime;1;2;0;;;2;;%u;1;0;0
groupx_washtimer_time;uint16;1;19;group2_inputs;;Realtime;1;2;4;;;2;;%u;1;0;104
groupx_op_status;enum;1;0;group3_inputs;;Realtime;1;2;0;;;7;106;%s;1;0;0
groupx_temperature_meas;int16;1;1;group3_inputs;8020;Realtime;2;2;0;;;3;;%d;1;0;101
groupx_deliveryselection_status;enum;1;2;group3_inputs;;Realtime;1;2;0;;;7;107;%s;1;0;0
groupx_waterflow_meas;uint16;1;3;group3_inputs;8397;Realtime;1;2;22;;;2;;%u;1;0;122
groupx_deliverytimer_time;uint16;1;4;group3_inputs;8337;Realtime;1;2;4;;;2;;%u;1;0;104
groupx_deliverygrams_meas;uint16;1;5;group3_inputs;8392;Realtime;1;2;24;;;2;;%u;1;0;124
groupx_cupgrams_meas;uint16;1;6;group3_inputs;;Realtime;1;2;24;;;2;;%u;1;0;124
groupx_profilestepflow_status;uint16[5];5;7;group3_inputs;;Realtime;1;10;22;;;5;;%u;1;0;122
groupx_profilestep_time;uint16[5];5;12;group3_inputs;;Realtime;1;10;4;;;5;;%u;1;0;104
groupx_delivery_status;enum;1;17;group3_inputs;;Realtime;1;2;0;;;7;108;%s;1;0;0
groupx_alarm_status;uint16;1;18;group3_inputs;8366;Realtime;1;2;0;;;2;;%u;1;0;0
groupx_washtimer_time;uint16;1;19;group3_inputs;;Realtime;1;2;4;;;2;;%u;1;0;104
groupx_op_status;enum;1;0;group4_inputs;;Realtime;1;2;0;;;7;106;%s;1;0;0
groupx_temperature_meas;int16;1;1;group4_inputs;8030;Realtime;2;2;0;;;3;;%d;1;0;101
groupx_deliveryselection_status;enum;1;2;group4_inputs;;Realtime;1;2;0;;;7;107;%s;1;0;0
groupx_waterflow_meas;uint16;1;3;group4_inputs;8398;Realtime;1;2;22;;;2;;%u;1;0;122
groupx_deliverytimer_time;uint16;1;4;group4_inputs;8338;Realtime;1;2;4;;;2;;%u;1;0;104
groupx_deliverygrams_meas;uint16;1;5;group4_inputs;8393;Realtime;1;2;24;;;2;;%u;1;0;124
groupx_cupgrams_meas;uint16;1;6;group4_inputs;;Realtime;1;2;24;;;2;;%u;1;0;124
groupx_profilestepflow_status;uint16[5];5;7;group4_inputs;;Realtime;1;10;22;;;5;;%u;1;0;122
groupx_profilestep_time;uint16[5];5;12;group4_inputs;;Realtime;1;10;4;;;5;;%u;1;0;104
groupx_delivery_status;enum;1;17;group4_inputs;8367;Realtime;1;2;0;;;7;108;%s;1;0;0
groupx_alarm_status;uint16;1;18;group4_inputs;;Realtime;1;2;0;;;2;;%u;1;0;0
groupx_washtimer_time;uint16;1;19;group4_inputs;;Realtime;1;2;4;;;2;;%u;1;0;104
groups_temperaturetimeout_set;uint8;1;0;groups_parameters;;Settings;1;2;6;;;2;;%u;1;0;106
groups_temperaturedelta_set;uint16;1;1;groups_parameters;;Settings;1;2;1;;;2;;%u;1;0;101
groups_temperaturedeltatime_set;uint8;1;2;groups_parameters;;Settings;1;2;4;;;2;;%u;1;0;104
groups_temperaturemax_set;uint16;1;3;groups_parameters;;Settings;1;2;1;;;2;;%u;1;0;101
groups_temperatureextra_set;int8;1;4;groups_parameters;;Settings;2;2;1;;;3;;%d;1;0;101
groups_temperatureextraperiod_set;uint16;1;5;groups_parameters;;Settings;1;2;4;;;2;;%u;1;0;104
groups_temperaturestandby_set;uint16;1;6;groups_parameters;;Settings;1;2;1;;;2;;%u;1;0;101
groups_proportionalpid_set;uint16;1;7;groups_parameters;5190;Settings;1;2;0;;;2;;%u;1;0;0
groups_integralpid_set;uint16;1;8;groups_parameters;5191;Settings;1;2;0;;;2;;%u;1;0;0
groups_derivativepid_set;uint16;1;9;groups_parameters;5192;Settings;1;2;0;;;2;;%u;1;0;0
groups_deltapid_set;uint16;1;10;groups_parameters;5196;Settings;1;2;1;;;2;;%u;1;0;101
groups_deliveryheatingfactor_set;uint16;1;11;groups_parameters;;Settings;1;2;0;;;2;;%u;1;0;0
reserved;int16;1;12;groups_parameters;;Settings;2;2;0;;;0;;;0;0;0
groups_purgetime_set;uint8;1;13;groups_parameters;;Settings;1;2;4;;;2;;%u;1;0;104
groups_washtutorial_enable;bool;1;14;groups_parameters;;Settings;1;2;0;;;1;;%u;1;0;0
groups_washtime_set;uint8;1;15;groups_parameters;;Settings;1;2;4;;;2;;%u;1;0;104
groups_rinsetime_set;uint8;1;16;groups_parameters;;Settings;1;2;4;;;2;;%u;1;0;104
groups_washcycles_set;uint8;1;17;groups_parameters;;Settings;1;2;0;;;2;;%u;1;0;0
groups_washreminder_set;epoch;2;18;groups_parameters;5261;Settings;1;2;0;;;2;;%u;1;0;0
groups_power_type;enum;1;20;groups_parameters;;Settings;1;2;0;;;7;109;%s;1;0;0
groups_deliverytimeout_set;uint8;1;21;groups_parameters;5017;Settings;1;2;4;;;2;;%u;1;0;104
groups_deliverymintime_set;uint8;1;22;groups_parameters;;Settings;1;2;4;;;2;;%u;1;0;104
groups_checkdeliverygrams_set;uint16;1;23;groups_parameters;;Settings;1;2;24;;;2;;%u;1;0;124
groups_checkdeliverytimeout_set;uint8;1;24;groups_parameters;;Settings;1;2;4;;;2;;%u;1;0;104
groups_flowcalibrtime_set;uint8;1;25;groups_parameters;;Settings;1;2;4;;;2;;%u;1;0;104
groupx_active_enable;bool;1;0;group1_parameters;8210;Settings;1;2;0;;;2;;%u;1;0;0
groupx_temperaturesetpoint_set;uint16;1;1;group1_parameters;5010;Settings;1;2;1;;;2;;%u;1;0;101
groupx_pulsespergram_set;uint16;1;2;group1_parameters;5260;Settings;1;2;13;;;2;;%u;1;0;113
groupx_delivery_type;enum[3];3;3;group1_parameters;;Settings;3;6;0;;;7;110;%s;1;0;0
reserved;;3;6;group1_parameters;;Settings;0;6;0;;;0;;;0;0;0
groupx_btnprofile_set;uint8[3];3;9;group1_parameters;;Settings;3;6;0;;;5;;%u;1;0;0
reserved;;3;12;group1_parameters;;Settings;0;6;0;;;0;;;0;0;0
groupx_dosegrams_set;uint16[3];3;15;group1_parameters;;Settings;3;6;24;;;5;;%u;1;0;124
reserved;;3;18;group1_parameters;;Settings;0;6;0;;;0;;;0;0;0
groupx_defaultflow_set;uint16;1;21;group1_parameters;;Settings;1;2;22;;;2;;%u;1;0;122
groupx_temperatureoffset_set;int16;1;22;group1_parameters;;Settings;2;2;1;;;3;;%d;1;0;101
groupx_active_enable;bool;1;0;group2_parameters;8211;Settings;1;2;0;;;2;;%u;1;0;0
groupx_temperaturesetpoint_set;uint16;1;1;group2_parameters;5011;Settings;1;2;1;;;2;;%u;1;0;101
groupx_pulsespergram_set;uint16;1;2;group2_parameters;5261;Settings;1;2;13;;;2;;%u;1;0;113
groupx_delivery_type;enum[3];3;3;group2_parameters;;Settings;3;6;0;;;7;110;%s;1;0;0
reserved;;3;6;group2_parameters;;Settings;0;6;0;;;0;;;0;0;0
groupx_btnprofile_set;uint8[3];3;9;group2_parameters;;Settings;3;6;0;;;5;;%u;1;0;0
reserved;;3;12;group2_parameters;;Settings;0;6;0;;;0;;;0;0;0
groupx_dosegrams_set;uint16[3];3;15;group2_parameters;;Settings;3;6;24;;;5;;%u;1;0;124
reserved;;3;18;group2_parameters;;Settings;0;6;0;;;0;;;0;0;0
groupx_defaultflow_set;uint16;1;21;group2_parameters;;Settings;1;2;22;;;2;;%u;1;0;122
groupx_temperatureoffset_set;int16;1;22;group2_parameters;;Settings;2;2;1;;;3;;%d;1;0;101
groupx_active_enable;bool;1;0;group3_parameters;8212;Settings;1;2;0;;;2;;%u;1;0;0
groupx_temperaturesetpoint_set;uint16;1;1;group3_parameters;5012;Settings;1;2;1;;;2;;%u;1;0;101
groupx_pulsespergram_set;uint16;1;2;group3_parameters;5262;Settings;1;2;13;;;2;;%u;1;0;113
groupx_delivery_type;enum[3];3;3;group3_parameters;;Settings;3;6;0;;;7;110;%s;1;0;0
reserved;;3;6;group3_parameters;;Settings;0;6;0;;;0;;;0;0;0
groupx_btnprofile_set;uint8[3];3;9;group3_parameters;;Settings;3;6;0;;;5;;%u;1;0;0
reserved;;3;12;group3_parameters;;Settings;0;6;0;;;0;;;0;0;0
groupx_dosegrams_set;uint16[3];3;15;group3_parameters;;Settings;3;6;24;;;5;;%u;1;0;124
reserved;;3;18;group3_parameters;;Settings;0;6;0;;;0;;;0;0;0
groupx_defaultflow_set;uint16;1;21;group3_parameters;;Settings;1;2;22;;;2;;%u;1;0;122
groupx_temperatureoffset_set;int16;1;22;group3_parameters;;Settings;2;2;1;;;3;;%d;1;0;101
groupx_active_enable;bool;1;0;group4_parameters;8213;Settings;1;2;0;;;2;;%u;1;0;0
groupx_temperaturesetpoint_set;uint16;1;1;group4_parameters;5013;Settings;1;2;1;;;2;;%u;1;0;101
groupx_pulsespergram_set;uint16;1;2;group4_parameters;5263;Settings;1;2;13;;;2;;%u;1;0;113
groupx_delivery_type;enum[3];3;3;group4_parameters;;Settings;3;6;0;;;7;110;%s;1;0;0
reserved;;3;6;group4_parameters;;Settings;0;6;0;;;0;;;0;0;0
groupx_btnprofile_set;uint8[3];3;9;group4_parameters;;Settings;3;6;0;;;5;;%u;1;0;0
reserved;;3;12;group4_parameters;;Settings;0;6;0;;;0;;;0;0;0
groupx_dosegrams_set;uint16[3];3;15;group4_parameters;;Settings;3;6;24;;;5;;%u;1;0;124
reserved;;3;18;group4_parameters;;Settings;0;6;0;;;0;;;0;0;0
groupx_defaultflow_set;uint16;1;21;group4_parameters;;Settings;1;2;22;;;2;;%u;1;0;122
groupx_temperatureoffset_set;int16;1;22;group4_parameters;;Settings;2;2;1;;;3;;%d;1;0;101
reserved;;1;0;ocs_pad_1;;OCS;0;2;0;;;0;;;0;0;0
reserved;;1;0;ocs_pad_2;;OCS;0;2;0;;;0;;;0;0;0
reserved;;1;0;ocs_pad_3;;OCS;0;2;0;;;0;;;0;0;0
reserved;;1;0;ocs_pad_4;;OCS;0;2;0;;;0;;;0;0;0
reserved;;1;0;ocs_pad_5;;OCS;0;2;0;;;0;;;0;0;0
reserved;;1;0;ocs_pad_6;;OCS;0;2;0;;;0;;;0;0;0
reserved;;1;0;ocs_pad_7;;OCS;0;2;0;;;0;;;0;0;0
reserved;;1;0;ocs_pad_8;;OCS;0;2;0;;;0;;;0;0;0
ocs_obfuscate_reg;;1;0;ocs_obfuscate_data;;OCS;0;2;0;;;0;;;0;0;0
ocs_obfuscate_data_reg;;5;1;ocs_obfuscate_data;;OCS;0;10;0;;;0;;;0;0;0
hmi1_fwrel_reg;uint16;1;0;hmis_info;;HMI;1;2;0;;;2;;%u;0;0;0
hmi2_fwrel_reg;uint16;1;1;hmis_info;;HMI;1;2;0;;;2;;%u;0;0;0
hmi3_fwrel_reg;uint16;1;2;hmis_info;;HMI;1;2;0;;;2;;%u;0;0;0
hmi4_fwrel_reg;uint16;1;3;hmis_info;;HMI;1;2;0;;;2;;%u;0;0;0
hmix_requestcode_status;enum;1;0;hmi1_inputs;;HMI;1;2;0;;;5;;;1;0;0
hmix_requestdata_reg;uint16[32];32;1;hmi1_inputs;;HMI;1;64;0;;;5;;;1;0;0
hmix_requestcode_status;enum;1;0;hmi2_inputs;;HMI;1;2;0;;;5;;;1;0;0
hmix_requestdata_reg;uint16[32];32;1;hmi2_inputs;;HMI;1;64;0;;;5;;;1;0;0
hmix_requestcode_status;enum;1;0;hmi3_inputs;;HMI;1;2;0;;;5;;;1;0;0
hmix_requestdata_reg;uint16[32];32;1;hmi3_inputs;;HMI;1;64;0;;;5;;;1;0;0
hmix_requestcode_status;enum;1;0;hmi4_inputs;;HMI;1;2;0;;;5;;;1;0;0
hmix_requestdata_reg;uint16[32];32;1;hmi4_inputs;;HMI;1;64;0;;;5;;;1;0;0
hmis_hometimeout_set;uint16;1;0;hmis_parameters;;Settings;1;2;4;;;2;;%u;1;0;104
hmis_leverstabilitytime_set;uint16;1;1;hmis_parameters;;Settings;1;2;4;;;2;;%u;1;0;104
hmix_purge_enable;bool;1;0;hmi1_parameters;;Settings;1;2;0;;;1;;%u;1;0;0
hmix_led_set;uint8;1;1;hmi1_parameters;;Settings;1;2;8;;;2;;%u;1;0;108
hmix_leverflow_set;uint8[4];4;2;hmi1_parameters;;Settings;1;8;24;;;5;;%u;1;0;124
hmix_purge_enable;bool;1;0;hmi2_parameters;;Settings;1;2;0;;;1;;%u;1;0;0
hmix_led_set;uint8;1;1;hmi2_parameters;;Settings;1;2;8;;;2;;%u;1;0;108
hmix_leverflow_set;uint8[4];4;2;hmi2_parameters;;Settings;1;8;24;;;5;;%u;1;0;124
hmix_purge_enable;bool;1;0;hmi3_parameters;;Settings;1;2;0;;;1;;%u;1;0;0
hmix_led_set;uint8;1;1;hmi3_parameters;;Settings;1;2;8;;;2;;%u;1;0;108
hmix_leverflow_set;uint8[4];4;2;hmi3_parameters;;Settings;1;8;24;;;5;;%u;1;0;124
hmix_purge_enable;bool;1;0;hmi4_parameters;;Settings;1;2;0;;;1;;%u;1;0;0
hmix_led_set;uint8;1;1;hmi4_parameters;;Settings;1;2;8;;;2;;%u;1;0;108
hmix_leverflow_set;uint8[4];4;2;hmi4_parameters;;Settings;1;8;24;;;5;;%u;1;0;124
dfr1_fwrel_reg;uint16;1;0;dfrs_info;;DFR;1;2;0;;;2;;%u;0;0;0
dfr2_fwrel_reg;uint16;1;1;dfrs_info;;DFR;1;2;0;;;2;;%u;0;0;0
dfr3_fwrel_reg;uint16;1;2;dfrs_info;;DFR;1;2;0;;;2;;%u;0;0;0
dfr4_fwrel_reg;uint16;1;3;dfrs_info;;DFR;1;2;0;;;2;;%u;0;0;0
dfr1_posnum_reg;uint16;1;4;dfrs_info;;DFR;1;2;0;;;2;;%u;0;0;0
dfr2_posnum_reg;uint16;1;5;dfrs_info;;DFR;1;2;0;;;2;;%u;0;0;0
dfr3_posnum_reg;uint16;1;6;dfrs_info;;DFR;1;2;0;;;2;;%u;0;0;0
dfr1_posnum_reg;uint16;1;7;dfrs_info;;DFR;1;2;0;;;2;;%u;0;0;0
dfrx_position_meas;uint16;1;0;dfr1_inputs;;DFR;1;2;13;;;2;;%u;0;0;113
dfrx_current_meas;uint16;1;1;dfr1_inputs;;DFR;1;2;19;;;2;;%u;0;0;119
dfrx_position_meas;uint16;1;0;dfr2_inputs;;DFR;1;2;13;;;2;;%u;0;0;113
dfrx_current_meas;uint16;1;1;dfr2_inputs;;DFR;1;2;19;;;2;;%u;0;0;119
dfrx_position_meas;uint16;1;0;dfr3_inputs;;DFR;1;2;13;;;2;;%u;0;0;113
dfrx_current_meas;uint16;1;1;dfr3_inputs;;DFR;1;2;19;;;2;;%u;0;0;119
dfrx_position_meas;uint16;1;0;dfr4_inputs;;DFR;1;2;13;;;2;;%u;0;0;113
dfrx_current_meas;uint16;1;1;dfr4_inputs;;DFR;1;2;19;;;2;;%u;0;0;119
dfrs_currentthreshold_set;unit16;1;0;dfrs_parameters;;Settings;1;2;19;;;2;;%u;1;0;119
dfrs_stepcalibrtime_set;unit16;1;1;dfrs_parameters;;Settings;1;2;4;;;2;;%u;1;0;104
dfrx_position_set;enum;1;0;dfr1_parameters;;Settings;1;2;0;;;7;111;%s;1;0;0
dfrx_calibration_set;uint16[4];4;1;dfr1_parameters;;Settings;1;8;13;;;5;;%u;1;0;113
reserved;uint16[6];6;5;dfr1_parameters;;Settings;1;12;0;;;5;;;0;0;0
dfrx_flow_set;uint16[4];4;11;dfr1_parameters;;Settings;1;8;22;;;5;;%u;1;0;122
reserved;uint16[6];6;15;dfr1_parameters;;Settings;1;12;0;;;5;;;0;0;0
dfrx_position_set;enum;1;0;dfr2_parameters;;Settings;1;2;0;;;7;111;%s;1;0;0
dfrx_calibration_set;uint16[4];4;1;dfr2_parameters;;Settings;1;8;13;;;5;;%u;1;0;113
reserved;uint16[6];6;5;dfr2_parameters;;Settings;1;12;0;;;5;;;0;0;0
dfrx_flow_set;uint16[4];4;11;dfr2_parameters;;Settings;1;8;22;;;5;;%u;1;0;122
reserved;uint16[6];6;15;dfr2_parameters;;Settings;1;12;0;;;5;;;0;0;0
dfrx_position_set;enum;1;0;dfr3_parameters;;Settings;1;2;0;;;7;111;%s;1;0;0
dfrx_calibration_set;uint16[4];4;1;dfr3_parameters;;Settings;1;8;13;;;5;;%u;1;0;113
reserved;uint16[6];6;5;dfr3_parameters;;Settings;1;12;0;;;5;;;0;0;0
dfrx_flow_set;uint16[4];4;11;dfr3_parameters;;Settings;1;8;22;;;5;;%u;1;0;122
reserved;uint16[6];6;15;dfr3_parameters;;Settings;1;12;0;;;5;;;0;0;0
dfrx_position_set;enum;1;0;dfr4_parameters;;Settings;1;2;0;;;7;111;%s;1;0;0
dfrx_calibration_set;uint16[4];4;1;dfr4_parameters;;Settings;1;8;13;;;5;;%u;1;0;113
reserved;uint16[6];6;5;dfr4_parameters;;Settings;1;12;0;;;5;;;0;0;0
dfrx_flow_set;uint16[4];4;11;dfr4_parameters;;Settings;1;8;22;;;5;;%u;1;0;122
reserved;uint16[6];6;15;dfr4_parameters;;Settings;1;12;0;;;5;;;0;0;0
boiler_op_status;enum;1;0;boiler_inputs;8200;Boiler;1;2;0;;;7;112;%s;1;0;0
boiler_temperature_meas;int16;1;1;boiler_inputs;8050;Boiler;2;2;1;;;3;;%d;1;0;101
boiler_securityprobe_status;enum;1;2;boiler_inputs;8101;Boiler;1;2;0;;;7;113;%s;1;0;0
boiler_levelprobe_status;enum;1;3;boiler_inputs;8102;Boiler;1;2;0;;;7;113;%s;1;0;0
boiler_deliveryselection_status;enum;1;4;boiler_inputs;;Boiler;1;2;0;;;7;114;%s;1;0;0
boiler_deliverytimer_time;uint16;1;5;boiler_inputs;;Boiler;2;2;4;;;3;;%d;1;0;104
boiler_load_status;enum;1;6;boiler_inputs;8201;Boiler;1;2;0;;;7;115;%s;1;0;0
boiler_delivery_status;enum;1;7;boiler_inputs;;Boiler;1;2;0;;;7;115;%s;1;0;0
boiler_active_enable;bool;1;0;boiler_parameters;;Settings;1;2;0;;;1;;%u;1;0;0
boiler_securitytimeout_set;uint8;1;1;boiler_parameters;;Settings;1;2;4;;;2;;%u;1;0;104
boiler_levelimeout_set;uint8;1;2;boiler_parameters;;Settings;1;2;6;;;2;;%u;1;0;106
boiler_leveldelay_set;uint8;1;3;boiler_parameters;;Settings;1;2;4;;;2;;%u;1;0;104
boiler_temperaturesetpoint_set;uint16;1;4;boiler_parameters;5000;Settings;1;2;1;;;2;;%u;1;0;101
boiler_temperaturehysteresis_set;uint16;1;5;boiler_parameters;5001;Settings;1;2;1;;;2;;%u;1;0;101
boiler_temperaturemax_set;uint16;1;6;boiler_parameters;;Settings;1;2;1;;;2;;%u;1;0;101
boiler_temperaturetimeout_set;uint8;1;7;boiler_parameters;;Settings;1;2;6;;;2;;%u;1;0;106
boiler_temperaturedelta_set;uint16;1;8;boiler_parameters;;Settings;1;2;1;;;2;;%u;1;0;101
boiler_temperaturedeltatime_set;uint8;1;9;boiler_parameters;;Settings;1;2;4;;;2;;%u;1;0;104
boiler_temperaturestandby_set;uint16;1;10;boiler_parameters;5250;Settings;1;2;1;;;2;;%u;1;0;101
boiler_temperatureoffset_set;int16;1;11;boiler_parameters;;Settings;2;2;1;;;2;;%d;1;0;101
boiler_inputflow_set;uint16;1;12;boiler_parameters;;Settings;1;2;22;;;2;;%u;1;0;122
boiler_washtutorial_enable;bool;1;13;boiler_parameters;;Settings;1;2;0;;;1;;%u;1;0;0
boiler_washtime_set;uint16;1;14;boiler_parameters;;Settings;1;2;4;;;2;;%u;1;0;104
boiler_washreminder_set;uint8;1;15;boiler_parameters;;Settings;1;2;0;;;2;;%u;1;0;0
boiler_power_type;enum;1;16;boiler_parameters;;Settings;1;2;0;;;7;116;%s;1;0;0
boiler_deliverymix_set;uint8;1;17;boiler_parameters;5040;Settings;1;2;8;;;2;;%u;1;0;108
reserved;;1;18;boiler_parameters;;Settings;1;2;0;;;2;;;1;0;0
boiler_deliverytime_set;uint8;1;19;boiler_parameters;;Settings;1;2;4;;;2;;%u;1;0;104
reserved;;1;20;boiler_parameters;;Settings;1;2;0;;;2;;;1;0;0
service_buttons_reg;enum;1;0;service_inputs;;Service;1;2;0;;;2;117;%u;1;0;0
powerload_cupwarmactive_enable;bool;1;0;powerload_parameters;8250;Settings;1;2;0;;;1;;%u;1;0;0
powerload_cupwarmpwm_set;uint8;1;1;powerload_parameters;;Settings;1;2;8;;;2;;%u;1;0;108
powerload_cupwarmperiod_set;uint8;1;2;powerload_parameters;;Settings;1;2;4;;;2;;%u;1;0;104
powerload_cupwarmerpower_type;enum;1;3;powerload_parameters;;Settings;1;2;0;;;7;118;%s;1;0;0
powerload_backled_set;uint8;1;4;powerload_parameters;8255;Settings;1;2;8;;;2;;%u;1;0;108
gcss_install_enable;bool;1;0;gcss_parameters;9080;Settings;1;2;0;;;1;;%u;1;0;0
gcss_grinders_enum;enum;1;1;gcss_parameters;9081;Settings;1;2;0;;;7;119;%s;1;0;0
gcss_tolerance_set;uint8;1;2;gcss_parameters;;Settings;1;2;8;;;2;;%u;1;0;108
gcss_deliveriesnum_set;uint8;1;3;gcss_parameters;;Settings;1;2;0;;;2;;%u;1;0;0
gcss_groupsenabled_reg;flags;1;4;gcss_parameters;9090;Settings;1;2;0;;;2;;%u;1;0;0
gcsx_group1dose1grams_set;uint16;1;0;gcs1_parameters;6000;Settings;1;2;24;;;2;;%u;1;0;0
gcsx_group1dose1timeref_set;uint16;1;1;gcs1_parameters;6200;Settings;1;2;4;;;2;;%u;1;0;0
gcsx_group1dose2grams_set;uint16;1;2;gcs1_parameters;6001;Settings;1;2;24;;;2;;%u;1;0;0
gcsx_group1dose2timeref_set;uint16;1;3;gcs1_parameters;6201;Settings;1;2;4;;;2;;%u;1;0;0
gcsx_group1dose3grams_set;uint16;1;4;gcs1_parameters;6002;Settings;1;2;24;;;2;;%u;1;0;0
gcsx_group1dose3timeref_set;uint16;1;5;gcs1_parameters;6202;Settings;1;2;4;;;2;;%u;1;0;0
reserved;;6;6;gcs1_parameters;;Settings;1;12;0;;;5;;%u;1;0;0
gcsx_group2dose1grams_set;uint16;1;12;gcs1_parameters;6010;Settings;1;2;24;;;2;;%u;1;0;0
gcsx_group2dose1timeref_set;uint16;1;13;gcs1_parameters;6210;Settings;1;2;4;;;2;;%u;1;0;0
gcsx_group2dose2grams_set;uint16;1;14;gcs1_parameters;6011;Settings;1;2;24;;;2;;%u;1;0;0
gcsx_group2dose2timeref_set;uint16;1;15;gcs1_parameters;6211;Settings;1;2;4;;;2;;%u;1;0;0
gcsx_group2dose3grams_set;uint16;1;16;gcs1_parameters;6012;Settings;1;2;24;;;2;;%u;1;0;0
gcsx_group2dose3timeref_set;uint16;1;17;gcs1_parameters;6212;Settings;1;2;4;;;2;;%u;1;0;0
reserved;;6;18;gcs1_parameters;;Settings;1;12;0;;;5;;%u;1;0;0
gcsx_group3dose1grams_set;uint16;1;24;gcs1_parameters;6020;Settings;1;2;24;;;2;;%u;1;0;0
gcsx_group3dose1timeref_set;uint16;1;25;gcs1_parameters;6220;Settings;1;2;4;;;2;;%u;1;0;0
gcsx_group3dose2grams_set;uint16;1;26;gcs1_parameters;6021;Settings;1;2;24;;;2;;%u;1;0;0
gcsx_group3dose2timeref_set;uint16;1;27;gcs1_parameters;6221;Settings;1;2;4;;;2;;%u;1;0;0
gcsx_group3dose3grams_set;uint16;1;28;gcs1_parameters;6022;Settings;1;2;24;;;2;;%u;1;0;0
gcsx_group3dose3timeref_set;uint16;1;29;gcs1_parameters;6222;Settings;1;2;4;;;2;;%u;1;0;0
reserved;;6;30;gcs1_parameters;;Settings;1;12;0;;;5;;%u;1;0;0
gcsx_group4dose1grams_set;uint16;1;36;gcs1_parameters;6030;Settings;1;2;24;;;2;;%u;1;0;0
gcsx_group4dose1timeref_set;uint16;1;37;gcs1_parameters;6230;Settings;1;2;4;;;2;;%u;1;0;0
gcsx_group4dose2grams_set;uint16;1;38;gcs1_parameters;6031;Settings;1;2;24;;;2;;%u;1;0;0
gcsx_group4dose2timeref_set;uint16;1;39;gcs1_parameters;6231;Settings;1;2;4;;;2;;%u;1;0;0
gcsx_group4dose3grams_set;uint16;1;40;gcs1_parameters;6032;Settings;1;2;24;;;2;;%u;1;0;0
gcsx_group4dose3timeref_set;uint16;1;41;gcs1_parameters;6232;Settings;1;2;4;;;2;;%u;1;0;0
reserved;;6;42;gcs1_parameters;;Settings;1;12;0;;;5;;%u;1;0;0
gcsx_group1dose1grams_set;uint16;1;0;gcs2_parameters;6050;Settings;1;2;24;;;2;;%u;1;0;0
gcsx_group1dose1timeref_set;uint16;1;1;gcs2_parameters;6240;Settings;1;2;4;;;2;;%u;1;0;0
gcsx_group1dose2grams_set;uint16;1;2;gcs2_parameters;6051;Settings;1;2;24;;;2;;%u;1;0;0
gcsx_group1dose2timeref_set;uint16;1;3;gcs2_parameters;6241;Settings;1;2;4;;;2;;%u;1;0;0
gcsx_group1dose3grams_set;uint16;1;4;gcs2_parameters;6052;Settings;1;2;24;;;2;;%u;1;0;0
gcsx_group1dose3timeref_set;uint16;1;5;gcs2_parameters;6242;Settings;1;2;4;;;2;;%u;1;0;0
reserved;;6;6;gcs2_parameters;;Settings;1;12;0;;;5;;%u;1;0;0
gcsx_group2dose1grams_set;uint16;1;12;gcs2_parameters;6060;Settings;1;2;24;;;2;;%u;1;0;0
gcsx_group2dose1timeref_set;uint16;1;13;gcs2_parameters;6250;Settings;1;2;4;;;2;;%u;1;0;0
gcsx_group2dose2grams_set;uint16;1;14;gcs2_parameters;6061;Settings;1;2;24;;;2;;%u;1;0;0
gcsx_group2dose2timeref_set;uint16;1;15;gcs2_parameters;6251;Settings;1;2;4;;;2;;%u;1;0;0
gcsx_group2dose3grams_set;uint16;1;16;gcs2_parameters;6062;Settings;1;2;24;;;2;;%u;1;0;0
gcsx_group2dose3timeref_set;uint16;1;17;gcs2_parameters;6252;Settings;1;2;4;;;2;;%u;1;0;0
reserved;;6;18;gcs2_parameters;;Settings;1;12;0;;;5;;%u;1;0;0
gcsx_group3dose1grams_set;uint16;1;24;gcs2_parameters;6070;Settings;1;2;24;;;2;;%u;1;0;0
gcsx_group3dose1timeref_set;uint16;1;25;gcs2_parameters;6260;Settings;1;2;4;;;2;;%u;1;0;0
gcsx_group3dose2grams_set;uint16;1;26;gcs2_parameters;6071;Settings;1;2;24;;;2;;%u;1;0;0
gcsx_group3dose2timeref_set;uint16;1;27;gcs2_parameters;6261;Settings;1;2;4;;;2;;%u;1;0;0
gcsx_group3dose3grams_set;uint16;1;28;gcs2_parameters;6072;Settings;1;2;24;;;2;;%u;1;0;0
gcsx_group3dose3timeref_set;uint16;1;29;gcs2_parameters;6262;Settings;1;2;4;;;2;;%u;1;0;0
reserved;;6;30;gcs2_parameters;;Settings;1;12;0;;;5;;%u;1;0;0
gcsx_group4dose1grams_set;uint16;1;36;gcs2_parameters;6080;Settings;1;2;24;;;2;;%u;1;0;0
gcsx_group4dose1timeref_set;uint16;1;37;gcs2_parameters;6270;Settings;1;2;4;;;2;;%u;1;0;0
gcsx_group4dose2grams_set;uint16;1;38;gcs2_parameters;6081;Settings;1;2;24;;;2;;%u;1;0;0
gcsx_group4dose2timeref_set;uint16;1;39;gcs2_parameters;6271;Settings;1;2;4;;;2;;%u;1;0;0
gcsx_group4dose3grams_set;uint16;1;40;gcs2_parameters;6082;Settings;1;2;24;;;2;;%u;1;0;0
gcsx_group4dose3timeref_set;uint16;1;41;gcs2_parameters;6272;Settings;1;2;4;;;2;;%u;1;0;0
reserved;;6;42;gcs2_parameters;;Settings;1;12;0;;;5;;%u;1;0;0
gcsx_group1dose1grams_set;uint16;1;0;gcs3_parameters;;Settings;1;2;24;;;2;;%u;1;0;0
gcsx_group1dose1timeref_set;uint16;1;1;gcs3_parameters;;Settings;1;2;4;;;2;;%u;1;0;0
gcsx_group1dose2grams_set;uint16;1;2;gcs3_parameters;;Settings;1;2;24;;;2;;%u;1;0;0
gcsx_group1dose2timeref_set;uint16;1;3;gcs3_parameters;;Settings;1;2;4;;;2;;%u;1;0;0
gcsx_group1dose3grams_set;uint16;1;4;gcs3_parameters;;Settings;1;2;24;;;2;;%u;1;0;0
gcsx_group1dose3timeref_set;uint16;1;5;gcs3_parameters;;Settings;1;2;4;;;2;;%u;1;0;0
reserved;;6;6;gcs3_parameters;;Settings;1;12;0;;;5;;%u;1;0;0
gcsx_group2dose1grams_set;uint16;1;12;gcs3_parameters;;Settings;1;2;24;;;2;;%u;1;0;0
gcsx_group2dose1timeref_set;uint16;1;13;gcs3_parameters;;Settings;1;2;4;;;2;;%u;1;0;0
gcsx_group2dose2grams_set;uint16;1;14;gcs3_parameters;;Settings;1;2;24;;;2;;%u;1;0;0
gcsx_group2dose2timeref_set;uint16;1;15;gcs3_parameters;;Settings;1;2;4;;;2;;%u;1;0;0
gcsx_group2dose3grams_set;uint16;1;16;gcs3_parameters;;Settings;1;2;24;;;2;;%u;1;0;0
gcsx_group2dose3timeref_set;uint16;1;17;gcs3_parameters;;Settings;1;2;4;;;2;;%u;1;0;0
reserved;;6;18;gcs3_parameters;;Settings;1;12;0;;;5;;%u;1;0;0
gcsx_group3dose1grams_set;uint16;1;24;gcs3_parameters;;Settings;1;2;24;;;2;;%u;1;0;0
gcsx_group3dose1timeref_set;uint16;1;25;gcs3_parameters;;Settings;1;2;4;;;2;;%u;1;0;0
gcsx_group3dose2grams_set;uint16;1;26;gcs3_parameters;;Settings;1;2;24;;;2;;%u;1;0;0
gcsx_group3dose2timeref_set;uint16;1;27;gcs3_parameters;;Settings;1;2;4;;;2;;%u;1;0;0
gcsx_group3dose3grams_set;uint16;1;28;gcs3_parameters;;Settings;1;2;24;;;2;;%u;1;0;0
gcsx_group3dose3timeref_set;uint16;1;29;gcs3_parameters;;Settings;1;2;4;;;2;;%u;1;0;0
reserved;;6;30;gcs3_parameters;;Settings;1;12;0;;;5;;%u;1;0;0
gcsx_group4dose1grams_set;uint16;1;36;gcs3_parameters;;Settings;1;2;24;;;2;;%u;1;0;0
gcsx_group4dose1timeref_set;uint16;1;37;gcs3_parameters;;Settings;1;2;4;;;2;;%u;1;0;0
gcsx_group4dose2grams_set;uint16;1;38;gcs3_parameters;;Settings;1;2;24;;;2;;%u;1;0;0
gcsx_group4dose2timeref_set;uint16;1;39;gcs3_parameters;;Settings;1;2;4;;;2;;%u;1;0;0
gcsx_group4dose3grams_set;uint16;1;40;gcs3_parameters;;Settings;1;2;24;;;2;;%u;1;0;0
gcsx_group4dose3timeref_set;uint16;1;41;gcs3_parameters;;Settings;1;2;4;;;2;;%u;1;0;0
reserved;;6;42;gcs3_parameters;;Settings;1;12;0;;;5;;%u;1;0;0
ocs_requestcode_status;uint8;1;0;ocs_inputs;;OCS;1;2;0;;;7;119;%s;1;0;0
ocs_requestdata_reg;uint16[9];9;1;ocs_inputs;;OCS;1;18;0;;;2;;%u;1;0;0
ocs_install_enable;bool;1;0;ocs_parameters;5300;Settings;1;2;0;;;1;;%u;1;0;0
ocs_network_set;blob;64;1;ocs_parameters;;Settings;0;128;0;;;5;;%u;1;0;0
cash_install_enable;bool;1;0;cash_parameters;570;Settings;1;2;0;;;1;;%u;1;0;0
profileflow_name1_str;char[16];8;0;profiles5_parameters;;Settings;1;16;0;;;6;;%s;1;0;0
profileflow_flow1_set;uint8[5];5;8;profiles5_parameters;;Settings;1;10;22;;;5;;%u;1;0;122
profileflow_time1_set;int16[5];5;13;profiles5_parameters;;Settings;1;10;4;;;5;;%u;1;0;108
profileflow_name2_str;char[16];8;18;profiles5_parameters;;Settings;1;16;0;;;6;;%s;1;0;0
profileflow_flow2_set;uint8[5];5;26;profiles5_parameters;;Settings;1;10;22;;;5;;%u;1;0;122
profileflow_time2_set;int16[5];5;31;profiles5_parameters;;Settings;1;10;4;;;5;;%u;1;0;108
profileflow_name3_str;char[16];8;36;profiles5_parameters;;Settings;1;16;0;;;6;;%s;1;0;0
profileflow_flow3_set;uint8[5];5;44;profiles5_parameters;;Settings;1;10;22;;;5;;%u;1;0;122
profileflow_time3_set;int16[5];5;49;profiles5_parameters;;Settings;1;10;4;;;5;;%u;1;0;108
profileflow_name4_str;char[16];8;54;profiles5_parameters;;Settings;1;16;0;;;6;;%s;1;0;0
profileflow_flow4_set;uint8[5];5;62;profiles5_parameters;;Settings;1;10;22;;;5;;%u;1;0;122
profileflow_time4_set;int16[5];5;67;profiles5_parameters;;Settings;1;10;4;;;5;;%u;1;0;108
profileflow_name5_str;char[16];8;72;profiles5_parameters;;Settings;1;16;0;;;6;;%s;1;0;0
profileflow_flow5_set;uint8[5];5;80;profiles5_parameters;;Settings;1;10;22;;;5;;%u;1;0;122
profileflow_time5_set;int16[5];5;85;profiles5_parameters;;Settings;1;10;4;;;5;;%u;1;0;108
profileflow_name1_str;char[16];8;0;profiles10_parameters;;Settings;1;16;0;;;6;;%s;1;0;0
profileflow_flow1_set;uint8[5];5;8;profiles10_parameters;;Settings;1;10;22;;;5;;%u;1;0;122
profileflow_time1_set;int16[5];5;13;profiles10_parameters;;Settings;1;10;4;;;5;;%u;1;0;108
profileflow_name2_str;char[16];8;18;profiles10_parameters;;Settings;1;16;0;;;6;;%s;1;0;0
profileflow_flow2_set;uint8[5];5;26;profiles10_parameters;;Settings;1;10;22;;;5;;%u;1;0;122
profileflow_time2_set;int16[5];5;31;profiles10_parameters;;Settings;1;10;4;;;5;;%u;1;0;108
profileflow_name3_str;char[16];8;36;profiles10_parameters;;Settings;1;16;0;;;6;;%s;1;0;0
profileflow_flow3_set;uint8[5];5;44;profiles10_parameters;;Settings;1;10;22;;;5;;%u;1;0;122
profileflow_time3_set;int16[5];5;49;profiles10_parameters;;Settings;1;10;4;;;5;;%u;1;0;108
profileflow_name4_str;char[16];8;54;profiles10_parameters;;Settings;1;16;0;;;6;;%s;1;0;0
profileflow_flow4_set;uint8[5];5;62;profiles10_parameters;;Settings;1;10;22;;;5;;%u;1;0;122
profileflow_time4_set;int16[5];5;67;profiles10_parameters;;Settings;1;10;4;;;5;;%u;1;0;108
profileflow_name5_str;char[16];8;72;profiles10_parameters;;Settings;1;16;0;;;6;;%s;1;0;0
profileflow_flow5_set;uint8[5];5;80;profiles10_parameters;;Settings;1;10;22;;;5;;%u;1;0;122
profileflow_time5_set;int16[5];5;85;profiles10_parameters;;Settings;1;10;4;;;5;;%u;1;0;108
profileflow_name1_str;char[16];8;0;profiles15_parameters;;Settings;1;16;0;;;6;;%s;1;0;0
profileflow_flow1_set;uint8[5];5;8;profiles15_parameters;;Settings;1;10;22;;;5;;%u;1;0;122
profileflow_time1_set;int16[5];5;13;profiles15_parameters;;Settings;1;10;4;;;5;;%u;1;0;108
profileflow_name2_str;char[16];8;18;profiles15_parameters;;Settings;1;16;0;;;6;;%s;1;0;0
profileflow_flow2_set;uint8[5];5;26;profiles15_parameters;;Settings;1;10;22;;;5;;%u;1;0;122
profileflow_time2_set;int16[5];5;31;profiles15_parameters;;Settings;1;10;4;;;5;;%u;1;0;108
profileflow_name3_str;char[16];8;36;profiles15_parameters;;Settings;1;16;0;;;6;;%s;1;0;0
profileflow_flow3_set;uint8[5];5;44;profiles15_parameters;;Settings;1;10;22;;;5;;%u;1;0;122
profileflow_time3_set;int16[5];5;49;profiles15_parameters;;Settings;1;10;4;;;5;;%u;1;0;108
profileflow_name4_str;char[16];8;54;profiles15_parameters;;Settings;1;16;0;;;6;;%s;1;0;0
profileflow_flow4_set;uint8[5];5;62;profiles15_parameters;;Settings;1;10;22;;;5;;%u;1;0;122
profileflow_time4_set;int16[5];5;67;profiles15_parameters;;Settings;1;10;4;;;5;;%u;1;0;108
profileflow_name5_str;char[16];8;72;profiles15_parameters;;Settings;1;16;0;;;6;;%s;1;0;0
profileflow_flow5_set;uint8[5];5;80;profiles15_parameters;;Settings;1;10;22;;;5;;%u;1;0;122
profileflow_time5_set;int16[5];5;85;profiles15_parameters;;Settings;1;10;4;;;5;;%u;1;0;108
profileflow_name1_str;char[16];8;0;profiles20_parameters;;Settings;1;16;0;;;6;;%s;1;0;0
profileflow_flow1_set;uint8[5];5;8;profiles20_parameters;;Settings;1;10;22;;;5;;%u;1;0;122
profileflow_time1_set;int16[5];5;13;profiles20_parameters;;Settings;1;10;4;;;5;;%u;1;0;108
profileflow_name2_str;char[16];8;18;profiles20_parameters;;Settings;1;16;0;;;6;;%s;1;0;0
profileflow_flow2_set;uint8[5];5;26;profiles20_parameters;;Settings;1;10;22;;;5;;%u;1;0;122
profileflow_time2_set;int16[5];5;31;profiles20_parameters;;Settings;1;10;4;;;5;;%u;1;0;108
profileflow_name3_str;char[16];8;36;profiles20_parameters;;Settings;1;16;0;;;6;;%s;1;0;0
profileflow_flow3_set;uint8[5];5;44;profiles20_parameters;;Settings;1;10;22;;;5;;%u;1;0;122
profileflow_time3_set;int16[5];5;49;profiles20_parameters;;Settings;1;10;4;;;5;;%u;1;0;108
profileflow_name4_str;char[16];8;54;profiles20_parameters;;Settings;1;16;0;;;6;;%s;1;0;0
profileflow_flow4_set;uint8[5];5;62;profiles20_parameters;;Settings;1;10;22;;;5;;%u;1;0;122
profileflow_time4_set;int16[5];5;67;profiles20_parameters;;Settings;1;10;4;;;5;;%u;1;0;108
profileflow_name5_str;char[16];8;72;profiles20_parameters;;Settings;1;16;0;;;6;;%s;1;0;0
profileflow_flow5_set;uint8[5];5;80;profiles20_parameters;;Settings;1;10;22;;;5;;%u;1;0;122
profileflow_time5_set;int16[5];5;85;profiles20_parameters;;Settings;1;10;4;;;5;;%u;1;0;108
profileflow_name1_str;char[16];8;0;profiles25_parameters;;Settings;1;16;0;;;6;;%s;1;0;0
profileflow_flow1_set;uint8[5];5;8;profiles25_parameters;;Settings;1;10;22;;;5;;%u;1;0;122
profileflow_time1_set;int16[5];5;13;profiles25_parameters;;Settings;1;10;4;;;5;;%u;1;0;108
profileflow_name2_str;char[16];8;18;profiles25_parameters;;Settings;1;16;0;;;6;;%s;1;0;0
profileflow_flow2_set;uint8[5];5;26;profiles25_parameters;;Settings;1;10;22;;;5;;%u;1;0;122
profileflow_time2_set;int16[5];5;31;profiles25_parameters;;Settings;1;10;4;;;5;;%u;1;0;108
profileflow_name3_str;char[16];8;36;profiles25_parameters;;Settings;1;16;0;;;6;;%s;1;0;0
profileflow_flow3_set;uint8[5];5;44;profiles25_parameters;;Settings;1;10;22;;;5;;%u;1;0;122
profileflow_time3_set;int16[5];5;49;profiles25_parameters;;Settings;1;10;4;;;5;;%u;1;0;108
profileflow_name4_str;char[16];8;54;profiles25_parameters;;Settings;1;16;0;;;6;;%s;1;0;0
profileflow_flow4_set;uint8[5];5;62;profiles25_parameters;;Settings;1;10;22;;;5;;%u;1;0;122
profileflow_time4_set;int16[5];5;67;profiles25_parameters;;Settings;1;10;4;;;5;;%u;1;0;108
profileflow_name5_str;char[16];8;72;profiles25_parameters;;Settings;1;16;0;;;6;;%s;1;0;0
profileflow_flow5_set;uint8[5];5;80;profiles25_parameters;;Settings;1;10;22;;;5;;%u;1;0;122
profileflow_time5_set;int16[5];5;85;profiles25_parameters;;Settings;1;10;4;;;5;;%u;1;0;108
profileflow_name1_str;char[16];8;0;profiles30_parameters;;Settings;1;16;0;;;6;;%s;1;0;0
profileflow_flow1_set;uint8[5];5;8;profiles30_parameters;;Settings;1;10;22;;;5;;%u;1;0;122
profileflow_time1_set;int16[5];5;13;profiles30_parameters;;Settings;1;10;4;;;5;;%u;1;0;108
profileflow_name2_str;char[16];8;18;profiles30_parameters;;Settings;1;16;0;;;6;;%s;1;0;0
profileflow_flow2_set;uint8[5];5;26;profiles30_parameters;;Settings;1;10;22;;;5;;%u;1;0;122
profileflow_time2_set;int16[5];5;31;profiles30_parameters;;Settings;1;10;4;;;5;;%u;1;0;108
profileflow_name3_str;char[16];8;36;profiles30_parameters;;Settings;1;16;0;;;6;;%s;1;0;0
profileflow_flow3_set;uint8[5];5;44;profiles30_parameters;;Settings;1;10;22;;;5;;%u;1;0;122
profileflow_time3_set;int16[5];5;49;profiles30_parameters;;Settings;1;10;4;;;5;;%u;1;0;108
profileflow_name4_str;char[16];8;54;profiles30_parameters;;Settings;1;16;0;;;6;;%s;1;0;0
profileflow_flow4_set;uint8[5];5;62;profiles30_parameters;;Settings;1;10;22;;;5;;%u;1;0;122
profileflow_time4_set;int16[5];5;67;profiles30_parameters;;Settings;1;10;4;;;5;;%u;1;0;108
profileflow_name5_str;char[16];8;72;profiles30_parameters;;Settings;1;16;0;;;6;;%s;1;0;0
profileflow_flow5_set;uint8[5];5;80;profiles30_parameters;;Settings;1;10;22;;;5;;%u;1;0;122
profileflow_time5_set;int16[5];5;85;profiles30_parameters;;Settings;1;10;4;;;5;;%u;1;0;108
profileflow_name1_str;char[16];8;0;profiles35_parameters;;Settings;1;16;0;;;6;;%s;1;0;0
profileflow_flow1_set;uint8[5];5;8;profiles35_parameters;;Settings;1;10;22;;;5;;%u;1;0;122
profileflow_time1_set;int16[5];5;13;profiles35_parameters;;Settings;1;10;4;;;5;;%u;1;0;108
profileflow_name2_str;char[16];8;18;profiles35_parameters;;Settings;1;16;0;;;6;;%s;1;0;0
profileflow_flow2_set;uint8[5];5;26;profiles35_parameters;;Settings;1;10;22;;;5;;%u;1;0;122
profileflow_time2_set;int16[5];5;31;profiles35_parameters;;Settings;1;10;4;;;5;;%u;1;0;108
profileflow_name3_str;char[16];8;36;profiles35_parameters;;Settings;1;16;0;;;6;;%s;1;0;0
profileflow_flow3_set;uint8[5];5;44;profiles35_parameters;;Settings;1;10;22;;;5;;%u;1;0;122
profileflow_time3_set;int16[5];5;49;profiles35_parameters;;Settings;1;10;4;;;5;;%u;1;0;108
profileflow_name4_str;char[16];8;54;profiles35_parameters;;Settings;1;16;0;;;6;;%s;1;0;0
profileflow_flow4_set;uint8[5];5;62;profiles35_parameters;;Settings;1;10;22;;;5;;%u;1;0;122
profileflow_time4_set;int16[5];5;67;profiles35_parameters;;Settings;1;10;4;;;5;;%u;1;0;108
profileflow_name5_str;char[16];8;72;profiles35_parameters;;Settings;1;16;0;;;6;;%s;1;0;0
profileflow_flow5_set;uint8[5];5;80;profiles35_parameters;;Settings;1;10;22;;;5;;%u;1;0;122
profileflow_time5_set;int16[5];5;85;profiles35_parameters;;Settings;1;10;4;;;5;;%u;1;0;108
profileflow_name1_str;char[16];8;0;profiles40_parameters;;Settings;1;16;0;;;6;;%s;1;0;0
profileflow_flow1_set;uint8[5];5;8;profiles40_parameters;;Settings;1;10;22;;;5;;%u;1;0;122
profileflow_time1_set;int16[5];5;13;profiles40_parameters;;Settings;1;10;4;;;5;;%u;1;0;108
profileflow_name2_str;char[16];8;18;profiles40_parameters;;Settings;1;16;0;;;6;;%s;1;0;0
profileflow_flow2_set;uint8[5];5;26;profiles40_parameters;;Settings;1;10;22;;;5;;%u;1;0;122
profileflow_time2_set;int16[5];5;31;profiles40_parameters;;Settings;1;10;4;;;5;;%u;1;0;108
profileflow_name3_str;char[16];8;36;profiles40_parameters;;Settings;1;16;0;;;6;;%s;1;0;0
profileflow_flow3_set;uint8[5];5;44;profiles40_parameters;;Settings;1;10;22;;;5;;%u;1;0;122
profileflow_time3_set;int16[5];5;49;profiles40_parameters;;Settings;1;10;4;;;5;;%u;1;0;108
profileflow_name4_str;char[16];8;54;profiles40_parameters;;Settings;1;16;0;;;6;;%s;1;0;0
profileflow_flow4_set;uint8[5];5;62;profiles40_parameters;;Settings;1;10;22;;;5;;%u;1;0;122
profileflow_time4_set;int16[5];5;67;profiles40_parameters;;Settings;1;10;4;;;5;;%u;1;0;108
profileflow_name5_str;char[16];8;72;profiles40_parameters;;Settings;1;16;0;;;6;;%s;1;0;0
profileflow_flow5_set;uint8[5];5;80;profiles40_parameters;;Settings;1;10;22;;;5;;%u;1;0;122
profileflow_time5_set;int16[5];5;85;profiles40_parameters;;Settings;1;10;4;;;5;;%u;1;0;108
profileflow_name1_str;char[16];8;0;profiles45_parameters;;Settings;1;16;0;;;6;;%s;1;0;0
profileflow_flow1_set;uint8[5];5;8;profiles45_parameters;;Settings;1;10;22;;;5;;%u;1;0;122
profileflow_time1_set;int16[5];5;13;profiles45_parameters;;Settings;1;10;4;;;5;;%u;1;0;108
profileflow_name2_str;char[16];8;18;profiles45_parameters;;Settings;1;16;0;;;6;;%s;1;0;0
profileflow_flow2_set;uint8[5];5;26;profiles45_parameters;;Settings;1;10;22;;;5;;%u;1;0;122
profileflow_time2_set;int16[5];5;31;profiles45_parameters;;Settings;1;10;4;;;5;;%u;1;0;108
profileflow_name3_str;char[16];8;36;profiles45_parameters;;Settings;1;16;0;;;6;;%s;1;0;0
profileflow_flow3_set;uint8[5];5;44;profiles45_parameters;;Settings;1;10;22;;;5;;%u;1;0;122
profileflow_time3_set;int16[5];5;49;profiles45_parameters;;Settings;1;10;4;;;5;;%u;1;0;108
profileflow_name4_str;char[16];8;54;profiles45_parameters;;Settings;1;16;0;;;6;;%s;1;0;0
profileflow_flow4_set;uint8[5];5;62;profiles45_parameters;;Settings;1;10;22;;;5;;%u;1;0;122
profileflow_time4_set;int16[5];5;67;profiles45_parameters;;Settings;1;10;4;;;5;;%u;1;0;108
profileflow_name5_str;char[16];8;72;profiles45_parameters;;Settings;1;16;0;;;6;;%s;1;0;0
profileflow_flow5_set;uint8[5];5;80;profiles45_parameters;;Settings;1;10;22;;;5;;%u;1;0;122
profileflow_time5_set;int16[5];5;85;profiles45_parameters;;Settings;1;10;4;;;5;;%u;1;0;108
profileflow_name1_str;char[16];8;0;profiles50_parameters;;Settings;1;16;0;;;6;;%s;1;0;0
profileflow_flow1_set;uint8[5];5;8;profiles50_parameters;;Settings;1;10;22;;;5;;%u;1;0;122
profileflow_time1_set;int16[5];5;13;profiles50_parameters;;Settings;1;10;4;;;5;;%u;1;0;108
profileflow_name2_str;char[16];8;18;profiles50_parameters;;Settings;1;16;0;;;6;;%s;1;0;0
profileflow_flow2_set;uint8[5];5;26;profiles50_parameters;;Settings;1;10;22;;;5;;%u;1;0;122
profileflow_time2_set;int16[5];5;31;profiles50_parameters;;Settings;1;10;4;;;5;;%u;1;0;108
profileflow_name3_str;char[16];8;36;profiles50_parameters;;Settings;1;16;0;;;6;;%s;1;0;0
profileflow_flow3_set;uint8[5];5;44;profiles50_parameters;;Settings;1;10;22;;;5;;%u;1;0;122
profileflow_time3_set;int16[5];5;49;profiles50_parameters;;Settings;1;10;4;;;5;;%u;1;0;108
profileflow_name4_str;char[16];8;54;profiles50_parameters;;Settings;1;16;0;;;6;;%s;1;0;0
profileflow_flow4_set;uint8[5];5;62;profiles50_parameters;;Settings;1;10;22;;;5;;%u;1;0;122
profileflow_time4_set;int16[5];5;67;profiles50_parameters;;Settings;1;10;4;;;5;;%u;1;0;108
profileflow_name5_str;char[16];8;72;profiles50_parameters;;Settings;1;16;0;;;6;;%s;1;0;0
profileflow_flow5_set;uint8[5];5;80;profiles50_parameters;;Settings;1;10;22;;;5;;%u;1;0;122
profileflow_time5_set;int16[5];5;85;profiles50_parameters;;Settings;1;10;4;;;5;;%u;1;0;108
profiles_op_status;enum;1;0;profiles_inputs;;Profiles;1;2;0;;;7;120;%s;1;0;0
SSID_result;char[32];16;0;ocs_wifi_data_1;;OCS;3;32;0;;;6;;%s;1;0;0
auth_result;enum;1;16;ocs_wifi_data_1;;OCS;1;2;0;;;7;122;%s;1;0;0
SSID_result;char[32];16;17;ocs_wifi_data_1;;OCS;3;32;0;;;6;;%s;1;0;0
auth_result;enum;1;33;ocs_wifi_data_1;;OCS;1;2;0;;;7;122;%s;1;0;0
SSID_result;char[32];16;34;ocs_wifi_data_1;;OCS;3;32;0;;;6;;%s;1;0;0
auth_result;enum;1;50;ocs_wifi_data_1;;OCS;1;2;0;;;7;122;%s;1;0;0
SSID_result;char[32];16;51;ocs_wifi_data_1;;OCS;3;32;0;;;6;;%s;1;0;0
auth_result;enum;1;67;ocs_wifi_data_1;;OCS;1;2;0;;;7;122;%s;1;0;0
SSID_result;char[32];16;68;ocs_wifi_data_1;;OCS;3;32;0;;;6;;%s;1;0;0
auth_result;enum;1;84;ocs_wifi_data_1;;OCS;1;2;0;;;7;122;%s;1;0;0
SSID_result;char[32];16;85;ocs_wifi_data_1;;OCS;3;32;0;;;6;;%s;1;0;0
auth_result;enum;1;101;ocs_wifi_data_1;;OCS;1;2;0;;;7;122;%s;1;0;0
SSID_result;char[32];16;0;ocs_wifi_data_2;;OCS;3;32;0;;;6;;%s;1;0;0
auth_result;enum;1;16;ocs_wifi_data_2;;OCS;1;2;0;;;7;122;%s;1;0;0
SSID_result;char[32];16;17;ocs_wifi_data_2;;OCS;3;32;0;;;6;;%s;1;0;0
auth_result;enum;1;33;ocs_wifi_data_2;;OCS;1;2;0;;;7;122;%s;1;0;0
SSID_result;char[32];16;34;ocs_wifi_data_2;;OCS;3;32;0;;;6;;%s;1;0;0
auth_result;enum;1;50;ocs_wifi_data_2;;OCS;1;2;0;;;7;122;%s;1;0;0
SSID_result;char[32];16;51;ocs_wifi_data_2;;OCS;3;32;0;;;6;;%s;1;0;0
auth_result;enum;1;67;ocs_wifi_data_2;;OCS;1;2;0;;;7;122;%s;1;0;0
SSID_result;char[32];16;68;ocs_wifi_data_2;;OCS;3;32;0;;;6;;%s;1;0;0
auth_result;enum;1;84;ocs_wifi_data_2;;OCS;1;2;0;;;7;122;%s;1;0;0
SSID_result;char[32];16;85;ocs_wifi_data_2;;OCS;3;32;0;;;6;;%s;1;0;0
auth_result;enum;1;101;ocs_wifi_data_2;;OCS;1;2;0;;;7;122;%s;1;0;0
SSID_result;char[32];16;0;ocs_wifi_data_3;;OCS;3;32;0;;;6;;%s;1;0;0
auth_result;enum;1;16;ocs_wifi_data_3;;OCS;1;2;0;;;7;122;%s;1;0;0
SSID_result;char[32];16;17;ocs_wifi_data_3;;OCS;3;32;0;;;6;;%s;1;0;0
auth_result;enum;1;33;ocs_wifi_data_3;;OCS;1;2;0;;;7;122;%s;1;0;0
SSID_result;char[32];16;34;ocs_wifi_data_3;;OCS;3;32;0;;;6;;%s;1;0;0
auth_result;enum;1;50;ocs_wifi_data_3;;OCS;1;2;0;;;7;122;%s;1;0;0
reserved;;1;0;ocs_pad_12;;OCS;0;2;0;;;0;;;0;0;0
reserved;;1;0;ocs_pad_13;;OCS;0;2;0;;;0;;;0;0;0
reserved;;1;0;ocs_pad_14;;OCS;0;2;0;;;0;;;0;0;0
reserved;;1;0;ocs_pad_15;;OCS;0;2;0;;;0;;;0;0;0
reserved;;1;0;ocs_pad_16;;OCS;0;2;0;;;0;;;0;0;0
reserved;;1;0;ocs_pad_17;;OCS;0;2;0;;;0;;;0;0;0
reserved;;1;0;ocs_pad_18;;OCS;0;2;0;;;0;;;0;0;0
user_config;bool;1;0;ocs_settings_request;;Settings;1;2;0;;;1;;%u;1;0;0
eth_apply;bool;1;1;ocs_settings_request;;Settings;1;2;0;;;1;;%u;1;0;0
wifi_apply;bool;1;2;ocs_settings_request;;Settings;1;2;0;;;1;;%u;1;0;0
wifi_scan;bool;1;3;ocs_settings_request;;Settings;1;2;0;;;1;;%u;1;0;0
wifi_scan_request;uint16;1;4;ocs_settings_request;;Settings;1;2;0;;;2;;%x;1;0;0
web_conn_status;enum;1;5;ocs_settings_request;;Settings;1;2;0;;;7;123;%s;1;0;0
eth_status;enum;1;6;ocs_settings_request;;Settings;1;2;0;;;7;123;%s;1;0;0
eth_enable;bool;1;7;ocs_settings_request;;Settings;1;2;0;;;1;;%u;1;0;0
eth_DHCP;bool;1;8;ocs_settings_request;;Settings;1;2;0;;;1;;%u;1;0;0
eth_IP;uint32;2;9;ocs_settings_request;;Settings;1;4;0;;;2;;%x;1;0;0
eth_subnet;uint32;2;11;ocs_settings_request;;Settings;1;4;0;;;2;;%x;1;0;0
eth_gateway;uint32;2;13;ocs_settings_request;;Settings;1;4;0;;;2;;%x;1;0;0
wifi_status;enum;1;15;ocs_settings_request;;Settings;1;2;0;;;7;;%s;1;0;0
wifi_enable;bool;1;16;ocs_settings_request;;Settings;1;2;0;;;7;123;%s;1;0;0
wifi_DHCP;bool;1;17;ocs_settings_request;;Settings;1;2;0;;;2;;%x;1;0;0
wifi_IP;uint32;2;18;ocs_settings_request;;Settings;1;4;0;;;2;;%x;1;0;0
wifi_subnet;uint32;2;20;ocs_settings_request;;Settings;1;4;0;;;2;;%x;1;0;0
wifi_gateway;uint32;2;22;ocs_settings_request;;Settings;1;4;0;;;2;;%x;1;0;0
wifi_SSID;char[32];16;24;ocs_settings_request;;Settings;3;32;0;;;6;;%s;1;0;0
wifi_auth;enum;1;40;ocs_settings_request;;Settings;1;2;0;;;7;122;%s;1;0;0
wifi_password;char[64];32;41;ocs_settings_request;;Settings;3;64;0;;;6;;%s;1;0;0
reserved;;1;0;ocs_pad_20;;OCS;0;2;0;;;0;;;0;0;0
eth_enable;bool;1;0;ocs_settings_data;;Settings;1;2;0;;;1;;%u;0;0;0
eth_DHCP;bool;1;1;ocs_settings_data;;Settings;1;2;0;;;1;;%u;0;0;0
eth_IP;uint32;2;2;ocs_settings_data;;Settings;1;4;0;;;2;;%x;0;0;0
eth_subnet;uint32;2;4;ocs_settings_data;;Settings;1;4;0;;;2;;%x;0;0;0
eth_gateway;uint32;2;6;ocs_settings_data;;Settings;1;4;0;;;2;;%x;0;0;0
wifi_enable;bool;1;8;ocs_settings_data;;Settings;1;2;0;;;1;;%u;0;0;0
wifi_DHCP;bool;1;9;ocs_settings_data;;Settings;1;2;0;;;1;;%u;0;0;0
wifi_IP;uint32;2;10;ocs_settings_data;;Settings;1;4;0;;;2;;%x;0;0;0
wifi_subnet;uint32;2;12;ocs_settings_data;;Settings;1;4;0;;;2;;%x;0;0;0
wifi_gateway;uint32;2;14;ocs_settings_data;;Settings;1;4;0;;;2;;%x;0;0;0
wifi_SSID;char[32];16;16;ocs_settings_data;;Settings;3;32;0;;;6;;%s;0;0;0
wifi_password;char[64];32;32;ocs_settings_data;;Settings;3;64;0;;;6;;%s;0;0;0
reserved;;1;0;ocs_pad_22;;OCS;0;2;0;;;0;;;0;0;0
result_count;bool;1;0;ocs_wifi_scan_data;;OCS;1;2;0;;;1;;%u;1;0;0
SSID_result;char[32];16;1;ocs_wifi_scan_data;;OCS;3;32;0;;;6;;%s;1;0;0
auth_result;enum;1;17;ocs_wifi_scan_data;;OCS;1;2;0;;;7;122;%s;1;0;0
SSID_result;char[32];16;18;ocs_wifi_scan_data;;OCS;3;32;0;;;6;;%s;1;0;0
auth_result;enum;1;34;ocs_wifi_scan_data;;OCS;1;2;0;;;7;122;%s;1;0;0
SSID_result;char[32];16;35;ocs_wifi_scan_data;;OCS;3;32;0;;;6;;%s;1;0;0
auth_result;enum;1;51;ocs_wifi_scan_data;;OCS;1;2;0;;;7;122;%s;1;0;0
standby_activeboiler_enable;bool;1;0;standby_parameters;;Settings;1;2;0;;;1;;%u;1;0;0
standby_wakeboiler_time;uint16[7];7;1;standby_parameters;;Settings;1;14;6;;;2;;%u;1;0;106
standby_sleepboiler_time;uint16[7];7;8;standby_parameters;;Settings;1;14;6;;;2;;%u;1;0;106
standby_modeboiler_enum;uint16[7];7;15;standby_parameters;;Settings;1;14;0;;;7;121;%s;1;0;0
standby_activegroup1_enable;bool;1;22;standby_parameters;;Settings;1;2;0;;;1;;%u;1;0;0
standby_wakegroup1_time;uint16[7];7;23;standby_parameters;;Settings;1;14;6;;;2;;%u;1;0;106
standby_sleepgroup1_time;uint16[7];7;30;standby_parameters;;Settings;1;14;6;;;2;;%u;1;0;106
standby_modegroup1_enum;uint16[7];7;37;standby_parameters;;Settings;1;14;0;;;7;121;%s;1;0;0
standby_activegroup2_enable;bool;1;44;standby_parameters;;Settings;1;2;0;;;1;;%u;1;0;0
standby_wakegroup2_time;uint16[7];7;45;standby_parameters;;Settings;1;14;6;;;2;;%u;1;0;106
standby_sleepgroup2_time;uint16[7];7;52;standby_parameters;;Settings;1;14;6;;;2;;%u;1;0;106
standby_modegroup2_enum;uint16[7];7;59;standby_parameters;;Settings;1;14;0;;;7;121;%s;1;0;0
standby_activegroup3_enable;bool;1;66;standby_parameters;;Settings;1;2;0;;;1;;%u;1;0;0
standby_wakegroup3_time;uint16[7];7;67;standby_parameters;;Settings;1;14;6;;;2;;%u;1;0;106
standby_sleepgroup3_time;uint16[7];7;74;standby_parameters;;Settings;1;14;6;;;2;;%u;1;0;106
standby_modegroup3_enum;uint16[7];7;81;standby_parameters;;Settings;1;14;0;;;7;121;%s;1;0;0
standby_activegroup4_enable;bool;1;88;standby_parameters;;Settings;1;2;0;;;1;;%u;1;0;0
standby_wakegroup4_time;uint16[7];7;89;standby_parameters;;Settings;1;14;6;;;2;;%u;1;0;106
standby_sleepgroup4_time;uint16[7];7;96;standby_parameters;;Settings;1;14;6;;;2;;%u;1;0;106
standby_modegroup4_enum;uint16[7];7;103;standby_parameters;;Settings;1;14;0;;;7;121;%s;1;0;0
counter_partialgroup1_meas;uint32[6];12;0;partialcounters_inputs;2000;Partial_counters;1;24;0;;;5;;%u;1;0;0
counter_partialgroup2_meas;uint32[6];12;12;partialcounters_inputs;2010;Partial_counters;1;24;0;;;5;;%u;1;0;0
counter_partialgroup3_meas;uint32[6];12;24;partialcounters_inputs;2020;Partial_counters;1;24;0;;;5;;%u;1;0;0
counter_partialgroup4_meas;uint32[6];12;36;partialcounters_inputs;2030;Partial_counters;1;24;0;;;5;;%u;1;0;0
counter_partialwatermix_meas;uint32[2];4;48;partialcounters_inputs;2060;Partial_counters;1;8;0;;;5;;%u;1;0;0
counter_partialsteam_meas;uint32[2];4;52;partialcounters_inputs;2050;Partial_counters;1;8;0;;;5;;%u;1;0;0
counter_partialliters_meas;uint32;2;56;partialcounters_inputs;;Partial_counters;1;4;18;;;2;;%u;1;0;118
counter_partialpower_meas;uint32;2;58;partialcounters_inputs;;Partial_counters;1;4;28;;;2;;%u;1;0;128
counter_watercartridgelast_time;uint32;2;60;partialcounters_inputs;;Partial_counters;1;4;4;;;2;;%u;1;0;104
counter_group1washlast_time;uint32;2;62;partialcounters_inputs;;Partial_counters;1;4;4;;;2;;%u;1;0;104
counter_group2washlast_time;uint32;2;64;partialcounters_inputs;;Partial_counters;1;4;4;;;2;;%u;1;0;104
counter_group3washlast_time;uint32;2;66;partialcounters_inputs;;Partial_counters;1;4;4;;;2;;%u;1;0;104
counter_group4washlast_time;uint32;2;68;partialcounters_inputs;;Partial_counters;1;4;4;;;2;;%u;1;0;104
counter_boilerwashlast_time;uint32;2;70;partialcounters_inputs;;Partial_counters;1;4;4;;;2;;%u;1;0;104
counter_totalgroup1_meas;uint32[6];12;0;totalcounters_inputs;1000;Total_counters;1;24;0;;;5;;%u;1;0;0
counter_totalgroup2_meas;uint32[6];12;12;totalcounters_inputs;1010;Total_counters;1;24;0;;;5;;%u;1;0;0
counter_totalgroup3_meas;uint32[6];12;24;totalcounters_inputs;1020;Total_counters;1;24;0;;;5;;%u;1;0;0
counter_totalgroup4_meas;uint32[6];12;36;totalcounters_inputs;1030;Total_counters;1;24;0;;;5;;%u;1;0;0
counter_totalwatermix_meas;uint32[2];4;48;totalcounters_inputs;1060;Total_counters;1;8;0;;;5;;%u;1;0;0
counter_totalsteam_meas;uint32[2];4;52;totalcounters_inputs;1050;Total_counters;1;8;0;;;5;;%u;1;0;0
counter_totaldfr1_meas;uint32;2;56;totalcounters_inputs;7100;Total_counters;1;4;0;;;2;;%u;1;0;0
counter_totaldfr2_meas;uint32;2;58;totalcounters_inputs;7101;Total_counters;1;4;0;;;2;;%u;1;0;0
counter_totaldfr3_meas;uint32;2;60;totalcounters_inputs;7102;Total_counters;1;4;0;;;2;;%u;1;0;0
counter_totaldfr4_meas;uint32;2;62;totalcounters_inputs;7103;Total_counters;1;4;0;;;2;;%u;1;0;0
counter_totalevpump_meas;uint32;2;64;totalcounters_inputs;7200;Total_counters;1;4;0;;;2;;%u;1;0;0
counter_totalevload_meas;uint32;2;66;totalcounters_inputs;7230;Total_counters;1;4;0;;;2;;%u;1;0;0
counter_totalevwatermix_meas;uint32;2;68;totalcounters_inputs;;Total_counters;1;4;0;;;2;;%u;1;0;0
counter_totalevautosteam1_meas;uint32[3];6;70;totalcounters_inputs;;Total_counters;1;12;0;;;5;;%u;1;0;0
counter_totalevautosteam2_meas;uint32[3];6;76;totalcounters_inputs;;Total_counters;1;12;0;;;5;;%u;1;0;0
counter_totalwashgroup1_meas;uint32;2;82;totalcounters_inputs;7300;Total_counters;1;4;0;;;2;;%u;1;0;0
counter_totalwashgroup2_meas;uint32;2;84;totalcounters_inputs;7301;Total_counters;1;4;0;;;2;;%u;1;0;0
counter_totalwashgroup3_meas;uint32;2;86;totalcounters_inputs;7302;Total_counters;1;4;0;;;2;;%u;1;0;0
counter_totalwashgroup4_meas;uint32;2;88;totalcounters_inputs;7303;Total_counters;1;4;0;;;2;;%u;1;0;0
counter_totalwashboiler_meas;uint32;2;90;totalcounters_inputs;7310;Total_counters;1;4;0;;;2;;%u;1;0;0
counter_totalliters_meas;uint32;2;92;totalcounters_inputs;7320;Total_counters;1;4;18;;;2;;%u;1;0;118
counter_totalpower_meas;uint32;2;94;totalcounters_inputs;;Total_counters;1;4;28;;;2;;%u;1;0;128
ota_command;enum;1;0;ota_1;;OTA;1;2;0;;;7;;;0;0;0
ota_crc32;uint32;2;1;ota_1;;OTA;1;4;0;;;2;;;0;0;0
ota_release_fw;uint16;1;3;ota_1;;OTA;1;2;0;;;2;;;0;0;0
ota_flash_address;uint32;2;4;ota_1;;OTA;1;4;0;;;2;;;0;0;0
ota_received_bytes;uint32;2;6;ota_1;;OTA;1;4;0;;;2;;;0;0;0
ota_status;enum;1;8;ota_1;;OTA;1;2;0;;;7;;;0;0;0
ota_confirmation;uint16;1;9;ota_1;;OTA;1;2;0;;;2;;;0;0;0
ota_row_number_recv;uint16;1;10;ota_1;;OTA;1;2;0;;;2;;;0;0;0
ota_calculated_crc32;uint32;2;11;ota_1;;OTA;1;4;0;;;2;;;0;0;0
ota_data;char[208];104;13;ota_1;;OTA;3;208;0;;;6;;;0;0;0
ota_data;char[256];128;0;ota_2;;OTA;3;256;0;;;6;;;0;0;0
ota_data;char[12];6;0;ota_3;;OTA;3;12;0;;;6;;;0;0;0
log_timestamp;uint16;1;0;logs_list_inputs;;Logs;1;2;4;;;2;;%u;1;0;104
log_data;uint16[4];4;1;logs_list_inputs;;Logs;1;8;0;;;5;;%u;1;0;0
log_timestamp;uint16;1;5;logs_list_inputs;;Logs;1;2;4;;;2;;%u;1;0;104
log_data;uint16[4];4;6;logs_list_inputs;;Logs;1;8;0;;;5;;%u;1;0;0
log_timestamp;uint16;1;10;logs_list_inputs;;Logs;1;2;4;;;2;;%u;1;0;104
log_data;uint16[4];4;11;logs_list_inputs;;Logs;1;8;0;;;5;;%u;1;0;0
log_timestamp;uint16;1;15;logs_list_inputs;;Logs;1;2;4;;;2;;%u;1;0;104
log_data;uint16[4];4;16;logs_list_inputs;;Logs;1;8;0;;;5;;%u;1;0;0
log_timestamp;uint16;1;20;logs_list_inputs;;Logs;1;2;4;;;2;;%u;1;0;104
log_data;uint16[4];4;21;logs_list_inputs;;Logs;1;8;0;;;5;;%u;1;0;0
log_timestamp;uint16;1;25;logs_list_inputs;;Logs;1;2;4;;;2;;%u;1;0;104
log_data;uint16[4];4;26;logs_list_inputs;;Logs;1;8;0;;;5;;%u;1;0;0
log_timestamp;uint16;1;30;logs_list_inputs;;Logs;1;2;4;;;2;;%u;1;0;104
log_data;uint16[4];4;31;logs_list_inputs;;Logs;1;8;0;;;5;;%u;1;0;0
log_timestamp;uint16;1;35;logs_list_inputs;;Logs;1;2;4;;;2;;%u;1;0;104
log_data;uint16[4];4;36;logs_list_inputs;;Logs;1;8;0;;;5;;%u;1;0;0
log_timestamp;uint16;1;40;logs_list_inputs;;Logs;1;2;4;;;2;;%u;1;0;104
log_data;uint16[4];4;41;logs_list_inputs;;Logs;1;8;0;;;5;;%u;1;0;0
log_timestamp;uint16;1;45;logs_list_inputs;;Logs;1;2;4;;;2;;%u;1;0;104
log_data;uint16[4];4;46;logs_list_inputs;;Logs;1;8;0;;;5;;%u;1;0;0
log_timestamp;uint16;1;50;logs_list_inputs;;Logs;1;2;4;;;2;;%u;1;0;104
log_data;uint16[4];4;51;logs_list_inputs;;Logs;1;8;0;;;5;;%u;1;0;0
log_timestamp;uint16;1;55;logs_list_inputs;;Logs;1;2;4;;;2;;%u;1;0;104
log_data;uint16[4];4;56;logs_list_inputs;;Logs;1;8;0;;;5;;%u;1;0;0
log_timestamp;uint16;1;60;logs_list_inputs;;Logs;1;2;4;;;2;;%u;1;0;104
log_data;uint16[4];4;61;logs_list_inputs;;Logs;1;8;0;;;5;;%u;1;0;0
log_timestamp;uint16;1;65;logs_list_inputs;;Logs;1;2;4;;;2;;%u;1;0;104
log_data;uint16[4];4;66;logs_list_inputs;;Logs;1;8;0;;;5;;%u;1;0;0
log_timestamp;uint16;1;70;logs_list_inputs;;Logs;1;2;4;;;2;;%u;1;0;104
log_data;uint16[4];4;71;logs_list_inputs;;Logs;1;8;0;;;5;;%u;1;0;0
log_timestamp;uint16;1;75;logs_list_inputs;;Logs;1;2;4;;;2;;%u;1;0;104
log_data;uint16[4];4;76;logs_list_inputs;;Logs;1;8;0;;;5;;%u;1;0;0
log_timestamp;uint16;1;80;logs_list_inputs;;Logs;1;2;4;;;2;;%u;1;0;104
log_data;uint16[4];4;81;logs_list_inputs;;Logs;1;8;0;;;5;;%u;1;0;0
log_timestamp;uint16;1;85;logs_list_inputs;;Logs;1;2;4;;;2;;%u;1;0;104
log_data;uint16[4];4;86;logs_list_inputs;;Logs;1;8;0;;;5;;%u;1;0;0
log_timestamp;uint16;1;90;logs_list_inputs;;Logs;1;2;4;;;2;;%u;1;0;104
log_data;uint16[4];4;91;logs_list_inputs;;Logs;1;8;0;;;5;;%u;1;0;0
log_timestamp;uint16;1;95;logs_list_inputs;;Logs;1;2;4;;;2;;%u;1;0;104
log_data;uint16[4];4;96;logs_list_inputs;;Logs;1;8;0;;;5;;%u;1;0;0
log_timestamp;uint16;1;100;logs_list_inputs;;Logs;1;2;4;;;2;;%u;1;0;104
log_data;uint16[4];4;101;logs_list_inputs;;Logs;1;8;0;;;5;;%u;1;0;0
log_timestamp;uint16;1;105;logs_list_inputs;;Logs;1;2;4;;;2;;%u;1;0;104
log_data;uint16[4];4;106;logs_list_inputs;;Logs;1;8;0;;;5;;%u;1;0;0
log_timestamp;uint16;1;110;logs_list_inputs;;Logs;1;2;4;;;2;;%u;1;0;104
log_data;uint16[4];4;111;logs_list_inputs;;Logs;1;8;0;;;5;;%u;1;0;0
log_timestamp;uint16;1;115;logs_list_inputs;;Logs;1;2;4;;;2;;%u;1;0;104
log_data;uint16[4];4;116;logs_list_inputs;;Logs;1;8;0;;;5;;%u;1;0;0
log_timestamp;uint16;1;120;logs_list_inputs;;Logs;1;2;4;;;2;;%u;1;0;104
log_data;uint16[4];4;121;logs_list_inputs;;Logs;1;8;0;;;5;;%u;1;0;0
log_details;uint16[32];32;0;logs_details_inputs;;Logs;1;64;0;;;5;;%u;1;0;0
